dataset,n_qubits,C,gamma,kernel,best_cv_score,test_accuracy,precision,recall,f1_score,tuning_time,training_time,total_time
iris,2,10.0,scale,poly,0.9714285714285714,0.8888888888888888,0.8981481481481481,0.8888888888888888,0.8877665544332211,3.5431604385375977,0.0,3.5431604385375977
breast_cancer,2,0.1,0.1,sigmoid,0.9447292473608263,0.935672514619883,0.9356385250259279,0.935672514619883,0.9353452448325115,4.524835824966431,0.0030362606048583984,4.527872085571289
